group_id,label,severity,piezo_ch1_band00,piezo_ch1_band01,piezo_ch1_band02,piezo_ch1_band03,piezo_ch1_band04,piezo_ch1_band05,piezo_ch1_band06,piezo_ch1_band07,piezo_ch1_band08,piezo_ch1_band09,piezo_ch1_band10,piezo_ch1_band11,piezo_ch1_band12,piezo_ch1_band13,piezo_ch1_band14,piezo_ch1_band15,piezo_ch1_band16,piezo_ch1_band17,piezo_ch1_band18,piezo_ch1_band19,piezo_ch2_band00,piezo_ch2_band01,piezo_ch2_band02,piezo_ch2_band03,piezo_ch2_band04,piezo_ch2_band05,piezo_ch2_band06,piezo_ch2_band07,piezo_ch2_band08,piezo_ch2_band09,piezo_ch2_band10,piezo_ch2_band11,piezo_ch2_band12,piezo_ch2_band13,piezo_ch2_band14,piezo_ch2_band15,piezo_ch2_band16,piezo_ch2_band17,piezo_ch2_band18,piezo_ch2_band19,piezo_ch3_band00,piezo_ch3_band01,piezo_ch3_band02,piezo_ch3_band03,piezo_ch3_band04,piezo_ch3_band05,piezo_ch3_band06,piezo_ch3_band07,piezo_ch3_band08,piezo_ch3_band09,piezo_ch3_band10,piezo_ch3_band11,piezo_ch3_band12,piezo_ch3_band13,piezo_ch3_band14,piezo_ch3_band15,piezo_ch3_band16,piezo_ch3_band17,piezo_ch3_band18,piezo_ch3_band19
Piezo_healthy_motor50_base,healthy,motor_50,141908438.9,321706319.1,1301063581,68065316.9,190001182.5,802943435,137445558.6,103032842.3,1032852368,132969310.6,254198846.1,12174667869,178210622.8,240568644.3,1493077898,191417336.3,201085138.5,715690661.2,359772976.9,267316725.4,93028641.43,402784515.3,2302524372,120215159.4,126186286.3,632927419.6,66774090.28,112752158.9,465732095,95367976.6,223134395.7,5771268568,132784753.8,74524306.65,534439850,58641456.48,85748968.27,331548481.7,93084766.38,159655193.3,4787757202,41104987889,3.08826E+11,4405430307,7454403425,75393192089,3914538080,7506978000,56816816994,3782606916,17540842811,7.17435E+11,10104370411,5694324317,59209483698,2623036849,3463197243,30280189773,5921604799,7565076666
Piezo_healthy_motor50_base,healthy,motor_50,65039142.13,56798211.81,72234774.69,79668592.25,43323286.51,77507609.18,64093649.84,79717998.49,69557722.76,71994053.8,53901745.75,167930035.9,87141755.05,43234782.32,84149813.87,97701155.32,81888461.1,56704768,97601262.41,74857492.6,1427589355,938123445.8,1923415163,548701920.9,443279987.7,5194419945,2392582452,832089921.8,791393996.1,1348377581,343125670.5,706350015.3,4501013463,732196318.7,543311776.8,1701408612,525879069,437352070.1,3071568006,614188946.8,20350997710,17852139682,18138257048,38987269010,12566813920,12851984602,15263947946,26179981105,15267082187,12936064032,11743231017,40839304905,18392126748,17146212574,20392663468,28684458343,34997161781,21802717187,13450129332,31162137832
Piezo_healthy_motor50_base,healthy,motor_50,53839760.18,49390162.68,69419654.31,50688141.41,46745352.77,66576722.94,41809871.24,55528011.38,64086365.79,50818659.67,36186741.06,169998756.9,72326174.73,52868781.17,44047344.5,69354854.41,51279603.83,34055305.86,51023385.65,112359606,1923727250,638490320.3,1422372001,429120049.9,474848853.3,3890271855,1197011645,806498470.9,749122990.7,788823369.2,416338761.7,540633789.7,3650985603,407534090.9,587629234.9,1071761191,419601439.4,417389641,2542607348,754360713.1,16177269441,13443677533,27151728621,31345520841,14298502559,13265482620,19490532538,19055736888,19866301006,13426019035,14459223367,31883421087,27450031086,13626766179,16318947945,21573773616,28979270974,20268676657,11712277436,43272668407
Piezo_healthy_motor100_base,healthy,motor_100,324976264.8,209896188.4,210923051.6,248263635.7,244499618.3,180823455.8,252766364.4,422181557.2,914095065.5,1821493994,2455237552,314086930.1,336911480.9,404346046,486417680.9,543854956.2,165878735.5,137767795.1,208186638.2,85953257.83,3112774120,1746894144,1563244607,714713306.3,861882535.7,5345301508,3702420683,673145920.8,1130454498,1470604076,1361184598,952378903.2,4570140534,1214949037,732845063.1,727039141.7,633263373,935700099.7,4329945481,1122544574,76725280609,39271675695,53585498837,54019588275,49081310240,30086114420,34914876126,46587655728,65832315499,94410169532,1.29175E+11,44440830347,55598485391,41918160418,51105840602,51740745061,42755409582,44324060478,1.00362E+11,41427719038
Piezo_healthy_motor100_base,healthy,motor_100,374145151,164774943.9,245857793.6,182474758,295291121.9,253117828.3,247654339.7,363357286,687059065.5,1870170859,2968470885,437442825.9,234599369.5,278180353.5,433798918.8,444862752.9,146470837.5,107303856.2,277062171.3,83931515.67,3551292171,1812933858,1410984045,946505867.8,1463512428,6283208674,2837624603,1048897376,1433913736,1401961727,2165630425,1361432952,4799046070,1093512647,1028414664,932354720.8,520575853.7,977823554,4059195564,1283046157,75797032960,48209275103,46396272515,52028829389,58271181651,38603206804,32104156872,47085189874,67192773472,1.086E+11,1.59202E+11,60239199695,38191165789,42339581259,61471160112,50929627922,31105135452,45759111047,1.21343E+11,45744028950
Piezo_healthy_motor100_base,healthy,motor_100,4829835569,7079504934,1558239212,3609407573,4038350048,1642961115,2951362567,4010622434,2113903348,4526681456,3029177014,2693074172,1366204405,1608569529,1467653328,2645780950,1118745829,748636731.2,1352545118,775396012.9,2680905174,1368180598,920583359.5,875807464.1,1454386560,4210376836,3797042064,999572267.1,1300408878,1887112031,794638563.3,1468873055,3734707875,1192732185,772405989.1,774417116.6,722460464.2,810269084.8,3864025793,1255167438,76054481338,40100039273,42964143707,45143129450,71166883677,43203517174,58387152479,34499152815,78144418863,1.66639E+11,72503936605,40052330446,56314123301,62099852216,50673510549,58694286199,35768917664,54028469262,1.65504E+11,59315672910
Piezo_cavitation_motor50_base,cavitation,motor_50,39816749.68,104809826.4,95802608.76,51144574.63,49983522.05,300798488,107144321,44214301.71,34766973.11,42956608.34,37609222.22,55731923.6,92711630.11,27898616.17,48638627.23,61841786.77,51059338.08,82106152.17,52597889.5,49527692.35,172068789.6,305089199.8,458172643.4,218162147.3,214158526.6,815241095.9,275335028.2,127816289.5,129136774.2,93628487.22,165926039.4,247968083,674734967.4,151197514.6,249407376.3,259959547,217144147.9,361112329.8,183546670.8,223467659.7,19843553130,36041530694,58293421447,20463288689,13903628694,46723469185,20747185343,11805195688,14021511747,39482445675,12709056950,17411890275,56358702395,12391143475,20345564553,21935714303,17632082347,25198650086,17183638957,16461313409
Piezo_cavitation_motor50_base,cavitation,motor_50,72032946.15,85023630.16,204729057.7,92227633.9,79186604.65,201476069.9,71749834.86,47077479.8,73968247.81,153061967.2,58566712.56,38160158.76,65697232.83,69071601.78,82511354.79,91356244.51,47800051.5,64466995.8,96834971.97,61245300.98,1803415873,772276159.4,958013410.1,654743669.3,540881557.8,6686082253,1261236029,717379801.3,522973959.2,996757798.8,391042888.9,828824153.7,5269724350,503102956.9,576748225.1,470677046.2,457235350.7,465826145,4183916905,675185841.6,30510305099,31325622993,37393344914,26540019288,28520263704,59793140800,25080161695,11498037762,25337129679,59891198079,26915425756,26986780220,36536262484,32454849844,30907352513,26967964723,16213395679,27535520389,34827755584,26546410388
Piezo_cavitation_motor50_base,cavitation,motor_50,91448199.19,63660621.51,160624089.3,126179175,68956261.5,241788003.9,66602471.96,44156356.66,71153921.31,83080411.42,45515142.52,61612081.83,69472850.41,69196248.51,128284728.3,77810041.77,87423344.11,46745412.23,67143881.1,82060362.43,2543332491,1053243220,1165546653,746971035.5,861750127.1,4284830599,1797844187,923067165.9,618859751.1,815506230.8,416203997.4,684571009.2,3794251616,597333539.4,854676303.7,808122233.3,572029622.2,690498744.2,3142583381,864538760.1,43419910651,23825365646,32812159075,30006304000,16997751128,52948112919,21126662436,15454170472,20816937614,51762107633,17779002197,29693344774,32337223174,24858880730,43861289080,29309724520,24772332199,20511266150,35862360498,40978483254
Piezo_cavitation_motor50_base,cavitation,motor_50,81884061.91,62094311.15,175881169.6,102519804.1,107262357.5,166826187.6,104193563.1,60024182.04,97270935.97,78426831.85,62862949.03,71480138.92,62164973.3,90515033.17,82972220.89,82204054.84,77069061.33,47863196.77,99078690.66,68138211.83,1835645518,1657390960,943160616.7,634848538.3,997374822.6,4211928088,3332558028,621488267.2,898668022,529002673.3,686680167.5,593313969.1,4200005580,891338256,567290194.6,699788039,478108814.8,541701519.4,3490968240,825722696.7,31863668082,29394061220,27626399241,26204878864,35319108303,31046700901,31898941555,20112416252,31287078249,31600714027,35222862111,25610116428,28055243701,29355669863,32059791934,21480384557,33582141393,16776356032,37563924801,24967145077
Piezo_cavitation_motor50_base,cavitation,motor_50,67336595.1,61090967.73,270912234.8,86650651.42,68931470.88,112041391.6,75740943.87,80096604.87,86711257.52,120302196.1,38075437.56,42859051.9,95373291.44,44507454.59,46984697.31,126378240.7,40029221.97,60309858.92,106763825.7,72211218.64,1378734611,706698030.6,1159297774,429657099.4,721440954.9,8031925464,1541275938,674452129.4,691227696.1,633442541.7,414907737.9,516223853.7,6272669759,501811852.8,413485133,681563480.3,403377153.8,578238236,5502291215,608689043.5,20990430422,23307733441,50938495317,22225346506,17797908426,35254590987,27786870903,22131335609,27830146704,35418811461,19184086526,21326458050,50998605428,23762933205,20719844621,39527570215,19644478808,26401627492,47113167125,23723567360
Piezo_cavitation_motor50_base,cavitation,motor_50,66377104.81,65890248.69,262544991.7,117439016.9,99462292.29,154694613.9,71107968.8,74334075.96,60415915.66,87119998.46,58123447.58,59518193.89,91941526.31,53938642.81,78350705.21,90368820.33,65790914.47,55112173.46,103529532.8,84575322.43,792392744.1,554253638.6,808131805,480081877.6,383843534.3,8513113275,1392911652,480549306.1,463116341.8,413574080.9,291810970.1,614717176.9,5805375445,466530579.6,416210523.4,329887012.6,361752240,422487934.3,5276906202,740448398.3,28200625226,23467214160,47112214973,37242649222,27664751135,38606283520,21763733769,20538027886,21889144294,38405659289,26789645770,37295686384,47284244758,23520915369,28094649554,20585295203,28518021151,21961433075,53159583919,41661615953
Piezo_cavitation_motor50_base,cavitation,motor_50,108212098.8,64398392.61,208479657.5,51007602.13,82621852.89,213383330.2,93867719.93,65227995.2,93501016.45,114011028.4,66306447.32,57459408.72,103329952.1,48159932.48,76376893.2,79275248.65,67868956.1,48842005.48,67978506.97,86554397.99,1618713802,931312741.9,1010323977,356070110.8,487028265.6,5682899722,1510609674,637582098,375877048.8,691195261.2,410011527.5,600094594.8,4367892925,630176486.2,675798394.5,296020898.3,481651301.7,458759765.1,4134129672,623670529.7,36895631226,26611350681,40942749901,18787943090,24428016806,46047358531,29855074776,22509557979,28903889336,46941346628,25054231328,19030508107,40802853336,26148391671,37304787037,17050510788,29425594656,17864566414,34685835674,34379320996
Piezo_cavitation_motor100_base,cavitation,motor_100,49486611364,77602938167,1.52938E+11,7.78521E+11,2.10913E+11,19445771863,29878234343,25929895991,15659549062,27278663890,12506756091,20325374633,15767780864,16670085420,15881243155,22267118795,30294296071,92608251278,1.8455E+11,76941353640,2284721851,2681900570,6889078500,32774603726,9034648712,888365708.1,1336189423,1164793711,922457643,1147498679,633258251.1,757641577,760682945.6,941755681.4,893196363.9,1181612648,1088885850,2887655410,5457370657,2368465673,42896812547,86021808838,67717091910,28856594403,11139701755,18133744482,23762498372,23558050030,20890016080,20940656906,17950041396,34337443597,33501973814,44135457162,46712641593,83460319657,91143988180,83542483538,47373298803,32547949265
Piezo_cavitation_motor100_base,cavitation,motor_100,335028648.5,1279153838,456608556.2,413140282.1,288827681.2,438333123,399309654.4,294971025.1,182532874,317454205.8,231846659,187137457.9,240719957.6,122270085.8,162448526.3,157589929.1,286633926.8,1179437676,594475888.7,406887205.4,376560734.9,1242798339,606999411.3,441181742.3,280746611.2,757169154.1,556788100.7,335944182.4,247347052.8,477721545.2,237618612,243757693.6,297091818.5,211104088.2,298366770.4,318467536.4,373649700.5,409566354.1,390801344.5,404360726.4,71970383461,2.6274E+11,1.00371E+11,84877157394,46586422820,67199198965,80265287896,58989813230,40972928471,68143602746,32772993684,34911066779,20771083945,34219078741,45239131301,43208284431,57253408050,69972417909,41764970458,55033208746
Piezo_cavitation_motor100_base,cavitation,motor_100,600512265.2,1384801691,283458904.7,264539915.1,285112637.3,378413287.6,743785751.7,398821527.7,189924503,252424713.8,169373076,263003785.2,241791914.7,98960564.16,120229508.1,206875503.3,197880086.8,874378966.9,397300875.4,348881826.6,710735796.2,1424373205,337454869.9,248986259.1,363304649.6,445204264,889774917.1,492456824.3,272817946.7,346424831.9,243387295.7,289423812.5,443419965.8,231438130.8,270514445.5,447951700.3,365399146.6,411139785,308136844.1,290094926.5,1.19526E+11,3.04893E+11,54301192285,47245670339,58609182409,64211358808,1.41398E+11,69993622084,41818515478,52393281048,36823661143,41214587430,37508005414,28424293174,35146756266,65054073420,62071859732,55472515449,43945997626,38449779443
Piezo_cavitation_motor100_base,cavitation,motor_100,1198525551,393242679.7,267969734.7,262519074.8,230630694.8,316389332,260979593.8,480084723.9,253900887.1,229663352.9,301577284.3,241883181.4,279211149.1,163642363.6,193286672.9,123546640.2,199897815.6,560230344.8,839285415,395712268.7,1291910972,519050369.6,361976913.1,423548264.4,317632450.2,448954992.2,313402982.2,664379852.2,372725408.2,332482938,433832084.9,285084663.5,300975724.4,393500556.3,387474688.9,230763999.2,287731363.7,319805665,359983770,370907700.1,2.38087E+11,1.01367E+11,44836945687,61022470567,40928947346,44353000576,46074874531,94716776349,47478905727,48446329651,65413659582,46162348819,39837024081,51329604313,56457586916,43784079478,36718394484,53868424242,46140672142,55794421195
Piezo_cavitation_motor100_base,cavitation,motor_100,650145202.1,756091188.4,309993393.9,391921775.1,276165883.5,325926332.7,460876288.5,238366895.7,263784806.7,196815400.8,265972194.3,266086861.8,264938749.3,182653322.1,122535265,139780622.9,256707610.5,978018521.8,809837626.3,412225839.7,662231873.8,693040534.1,376199399.4,430519172.1,352208327.1,455048070.8,604089006.7,274050146,373345102.1,357946225.4,501671849.4,303853935.3,464379080.7,311718277.4,275362490.7,249979821.9,286296792.2,481850002.5,497787976.8,284879347.5,1.21409E+11,1.59735E+11,73574715094,55873358174,59279462929,52392040490,59957191246,45678425441,63942144826,47893020252,76381685650,50715173618,45700784879,51231634311,31675867478,34246852230,47083608310,67355761791,63970070391,42462104254
Piezo_cavitation_motor100_base,cavitation,motor_100,940369960.9,414968166.6,283433005.5,246087215.7,352358436.6,520689926.6,292077927.5,363592888.9,163855510.7,200796676.9,194869828,413309385.8,349459524.2,137543370.4,146681529.4,112827611.9,166293917.5,706653983,1257084173,380107230.3,906598359.3,465632302.2,328349327.5,283983467.1,389316491.3,807925560.4,420500937.5,492538048.4,259270007.3,228412256.1,309750793.9,402893726.3,548200087.6,280417006.4,291702333.3,207730707.7,246765417.1,366754396.3,679824813.8,323184471.9,1.99088E+11,87372678051,57463884287,46001508311,68646870727,70097383631,55298009243,73294217297,31195814523,33291255122,53706339284,68514227132,45206177565,45728769953,44640561327,27088717007,33997743635,55916389596,71105115028,43605071934
Piezo_cavitation_motor100_base,cavitation,motor_100,1130874299,516846097.4,199848532.8,157034849.7,176861277.7,534573343.4,396680438.5,426507509.1,158276104.8,190266944.4,190210524.1,240148325.4,415757081,156168943.1,150223970.4,155087799.8,143267272.4,361809387.2,886835250.8,316643047.4,1107529803,650068521.6,308782843.9,284287502.3,258480479.4,648848599.1,495806576.2,462095059.5,331811610.4,385068548.9,265795831.7,255937361.2,740276283.8,316900990.8,248790798.9,321977289.7,270421961.8,244751358.8,545750297,312047931.6,2.32219E+11,1.15946E+11,41255698182,34933053542,35238906481,78732850661,71309176297,82279283232,32891090365,57100121624,49942037732,39147325290,85355807851,34927968910,40050891189,44165546618,36218823434,32599658613,62268577174,44913219881
Piezo_partial_cavitation_motor50_base,partial_cavitation,motor_50,37497032.66,46728303.8,339231047.9,45517331.01,49485708.29,41641617.76,33197161.96,232546132,34195090.3,42242175.02,59951271.7,36873088.19,342924231.4,35549454.23,39492733.23,57242543.23,23492083.11,337055363.2,20850844.62,54924844.58,112499603.7,78798549.81,1261886538,110853774.3,149974984.2,114297853.8,114829155.7,602268144.2,80073775.35,135592049,184396790.6,129853320.7,1557865533,97978289.91,106768343.7,201809556.6,116600060.4,1446577887,94248313.7,141833116.3,7741971451,5373483168,1.68312E+11,5709866285,18040919971,11507628988,4853477141,49604429300,4732390339,11715937779,18254112238,5773793410,1.6816E+11,5493889363,7546595971,22079913111,6733825843,1.19997E+11,5485751436,5810716445
Piezo_partial_cavitation_motor50_base,partial_cavitation,motor_50,11711282711,9083281290,8090083636,7878496347,7075638485,10676941417,1008318611,4920367069,3206890736,5119471755,5664641584,3346854694,3255499968,10449022408,2085160007,1576052436,533856960,2193568822,701320562.2,1336949328,1398753645,1164017351,862550539.8,749234260.9,911254000.2,7869712691,1357362579,1801179340,714671358.5,545327326,683650575.3,996459278.3,5891049549,901000392,499431090.4,460855754.2,387327190.2,492224238.6,4856792782,597568610.2,24104033479,27895980337,22794929485,31706358951,41293076726,17549933659,20120614756,1.18031E+11,21207205682,17598292179,40570034306,32276862571,23710687238,28070701732,23932046399,15372813048,22688791461,33292825522,24417718887,21267063545
Piezo_partial_cavitation_motor50_base,partial_cavitation,motor_50,58741653.92,61606213.16,65578725.21,61467777.04,47392674.95,151431624.8,111911846.1,114193775,69848289.11,73383639.8,62601777.42,60193115.63,52286810.37,59777741.41,62330631.19,50862809.23,55884498.42,51075574.44,46675165.62,42575060.87,1407241533,1251277788,597288913,1105693630,542178010.3,3549337919,2572561156,992360881.7,586736152.4,971183563.3,513910440.1,1206187166,4219016136,857771115,476781777.3,721738575.4,549286288.6,669731998.8,2731459244,590986589.9,14023869118,25155787258,22115279730,19745242939,18988181539,32744496879,22608668909,35661998526,21710359941,33990530784,19095314558,19580293962,22585861938,25186857355,13948975110,17374471707,13661944812,23184972990,14217876239,14871804599
Piezo_partial_cavitation_motor50_base,partial_cavitation,motor_50,2660931081,2662806248,2368983437,1887975863,1562202191,1499618834,1085828606,650304188.7,665003560,606258808.8,732432786.8,227566332.3,327188183.2,224986905.4,473011440,157749115.6,197217132.2,439143365,550360537.6,634721776.5,1779699797,896046132.8,908326261.6,530932642.3,905017732.3,6094769089,1534381326,1226081159,560297649.6,668713241.3,448433268.4,863498330.5,5501956973,791148392.5,499850377.5,481587477.4,417915173.3,555664002.8,4183563672,465748345.7,18372799039,15737492035,24256659795,19056077059,19703355508,20175807740,36560699135,34703392738,36206187485,20093560078,19793027293,18121406443,25017570724,15693444438,18136928609,17346448142,11206699983,17474697581,14416531067,15529506802
Piezo_partial_cavitation_motor50_base,partial_cavitation,motor_50,125128587.2,111066511.3,189827204.3,179899771.7,110792230.5,290978606.5,119027699.1,112899776,134758844.6,134208648.4,85070237.53,75974124.7,119311632.2,96073065.54,79633172.34,127689655.3,95717953.52,81232296.86,173007904.3,111925082.1,796494831.6,748353114.2,846499854.8,644491709.8,483722450.4,7681323302,2094055844,545720220.5,493942693.9,545949105.5,470609464.2,767347828.8,6171071017,511440201.7,525906640.2,576324753.5,570365729.7,427895776.6,4919503757,853317579.4,27536014538,27807142083,47761606240,36830241622,27588076671,48723600218,38208784408,31585065598,39148198144,48514879805,28223862861,36530154899,47758717478,28004421947,27783904371,34922049129,24648045150,31833319398,37678605399,36807695960
Piezo_partial_cavitation_motor50_base,partial_cavitation,motor_50,94748307.53,155102645.5,337056185.5,145717016,121486965.1,193737947.7,61544942.37,125580359.2,74325658.18,139185791.3,92091261.69,93637005.87,132576121.5,87068686.93,105887363.4,75264916.55,78753800.02,92037872.1,165745239.2,96131769.8,803175550.2,990547599.8,1064773322,437218366.9,537222699.6,9117528819,1088579969,463616461.3,490939687.2,569889417.7,562785721.6,453679298.6,6536677984,380597706.4,509495870.6,484428421.9,419415928.1,670541782.3,4295357092,462074254.6,25330919666,28015550661,55750038199,31840355739,26171200697,36179353175,14018621739,24799257928,13735194563,35337662294,27010831870,32047480673,54958452915,26938494916,26655975563,19444256941,20064550982,26170809080,45113744263,28542946625
Piezo_partial_cavitation_motor100_base,partial_cavitation,motor_100,289269277.8,972411448.7,493331679.4,224547542.9,122151391.3,61404444.59,78871686.8,112899962,579740925.5,1450027454,175967839.8,78831737.82,82242803.96,101606420.1,70013256.08,105286887.2,6224746818,7454299659,91710316.45,49605267.59,438516404.1,997994216.1,626147209.9,312075263.8,179002002.1,118222425.2,171524897.9,177605916.1,1383579187,2887789250,298537272.6,138080126.2,166293833.8,150353844.3,131429658.2,195187889.9,2406500338,2400972092,212421958.1,112709550.6,51855783537,1.5498E+11,83837977459,37456641853,17373016682,5330881311,13689093336,18034319439,2.5274E+11,5.22877E+11,40295135575,13132762858,14242487739,13702523245,9269046803,18308069927,3.43067E+11,3.86841E+11,26556997961,12636520937
Piezo_partial_cavitation_motor100_base,partial_cavitation,motor_100,420960841.4,470429544.3,421391042.7,263739376.7,228709042.5,599021293.8,548853242.8,462492540.8,407670278.8,283186165,249783551.1,278133149.5,564261182.4,359746304.7,414542853.5,814931428,1013269040,3527202620,3519637364,1033456476,610604697.7,545390223.5,527737841.6,383025375.2,391889861.4,1200844553,887390292.6,670380516.3,784418947.5,437516996.3,527233591.4,414914347.6,582901302.7,321620276.4,326070860.9,534389230.5,623492567.7,1562499080,1690163846,489871605.3,64687894612,78476228455,70948469811,46323790854,62543866867,1.1172E+11,1.38708E+11,98783147471,1.52405E+11,68093481121,86742436623,65912455048,68952524655,36426302817,39927560666,76078242834,88857767974,2.08995E+11,2.11442E+11,64244694129
Piezo_partial_cavitation_motor100_base,partial_cavitation,motor_100,258239401.4,337388256,472502345,222336294.3,306465800.2,261265297.9,332391424.4,390166919.4,628426464.3,524992606.2,177141832.4,300957587.9,387160772.2,299130878.5,343894373.8,612717335.4,1264693671,5569868800,1945109610,708295418.7,372696646.9,474226562.5,588915931.4,399754242.9,421486107.2,427177492.3,530391349.3,539798239.1,1244496461,858328550.7,421572875.1,328576155,539172755.5,298844621.5,281246163.1,392182425.2,988198644.2,2072282019,1044077554,343168868.5,35113881389,65637834574,75603826646,43250345390,69104328672,58617848938,68674148461,88137229721,2.26898E+11,1.64376E+11,65226115630,42597364659,62888307237,37016261808,33420517094,54732103179,1.45349E+11,2.99557E+11,1.21657E+11,37630737697
Piezo_partial_cavitation_motor100_base,partial_cavitation,motor_100,298974823.6,600841139.2,530612054,204418666.9,233234445.6,454815132.7,477462681.2,396989346.1,355711484.6,641248938.2,176770397.7,361736951.3,610698674.3,328927621.1,479617126.7,415027397.7,1252613805,3965373783,2855192010,749122487.5,494964208.7,645221215.5,624678889.3,322189461,373290064.8,735514830,753428724,618365296.7,665996533.2,1047922925,335205518.5,354739478.3,573795793.4,400423935.6,385679691.3,297003624,778344181,1726939523,1263189175,405202211.6,60043759460,91136381908,92099038978,35552303541,48192688087,1.06657E+11,92315265998,94999619835,1.31057E+11,1.76115E+11,53359660773,54422651584,76332216972,41366263476,41725087363,39877258351,1.14252E+11,2.37808E+11,1.72809E+11,56191241942
Piezo_partial_cavitation_motor100_base,partial_cavitation,motor_100,274699912.5,355171158.4,647152315.4,376225443.2,310064658.1,492356163.3,451550517.1,554712559.1,327733565.7,222545580,203748503.2,288605848.2,774544048.4,299046356.7,295585187.3,579610256,990394077,1934602953,4472481143,1396046509,323343223.6,424941420.6,752491230.8,423270739.7,464379216.1,905948964.5,725495106.9,687505052.7,573550617.4,425555783.5,397804030.7,491327304.1,678416357,296206490.1,342369118,470415191.2,602044173.2,910733720,1864037871,639249704.3,43800146681,49382762559,1.14694E+11,55624176607,82773011769,93239999524,87033062373,1.051E+11,93769346635,65459276046,62794614230,79000274578,92754088000,41890449358,43729935442,53618576259,90849935793,1.19281E+11,1.87921E+11,89783499920
Piezo_partial_cavitation_motor100_base,partial_cavitation,motor_100,413448623.6,242431372.4,462513400.2,303749718.6,272254692.3,418801850.9,515029981.2,367154530.7,377674278.4,205424736.7,211773314.8,334170062,819773203.3,519182233.7,270275721.9,642398719.4,877149930,2055969106,3268847849,1874588939,459991576.3,283319970.5,606135393.6,463956784.8,418522819.3,746932456,870360499.6,684995888.1,735398624.3,299308358.1,462415515.7,560159813.8,761480086.8,508217154.6,319166335.2,460543085.2,482564309.8,987659899.3,1580272785,805763955.1,61160903919,40172154761,93690625736,60906315463,68455938561,1.09594E+11,1.00003E+11,1.0445E+11,1.16185E+11,52020606994,68351901253,67711836572,85896031335,58701269898,35515580633,55589748059,54273714776,1.27502E+11,1.87078E+11,79476644122
Piezo_partial_cavitation_motor100_base,partial_cavitation,motor_100,363736894.9,506860715.4,537271250,271480392.3,209797955.2,496306887.3,312352295.5,331646101.6,446560468.4,580276122.6,190162885.3,219799203.4,521218949.2,189899728.9,513261158.9,578347395,2381084862,3557563506,2057207121,949326024.3,500474401.4,590726108.7,637674847.2,389316132.3,387322982.9,783006480.6,540325151,493906706,976692470.2,1090267696,392774225.3,346296431.3,668630825.4,312180632.2,384225896.8,371936379.6,1224407604,1428419425,995389847.1,582291471.7,50387870611,90051219882,89185262406,49364496284,49922240436,85056741919,78901697786,78499179763,1.54491E+11,1.86779E+11,56941205687,38293343537,58690058910,26572764873,40815476700,62063615579,1.52143E+11,1.80696E+11,1.16171E+11,63112710442
Piezo_partial_cavitation_motor100_base,partial_cavitation,motor_100,391111847.1,286852602.6,522949895.3,273439563.6,220056296.2,371954522.3,405557391.3,417239361.3,568684663.7,413342733.6,169081781.1,211765055.5,389668543,306461433.6,251669378.7,412155118.9,652956294.8,5942781163,2283016796,819746362.5,574269592.3,378804624.6,648858856.5,421422546.7,256767627.2,794197099.3,610294933.7,702858400.7,1435697156,565454333.8,220654995.2,352832667.3,493993728,289295930,297456065.4,348620633.9,408221349.7,2014003003,953876556.1,535454130,62040119010,46420835641,84709981768,51131627046,41127732574,1.0312E+11,78999213247,98721938159,2.55172E+11,92118538016,37980934894,50947511132,49079598958,40047451766,35392667665,48214982210,66137715155,2.86892E+11,1.21621E+11,64115021583
Piezo_partial_cavitation_motor100_base,partial_cavitation,motor_100,328022678.2,252814169.5,412955709.8,235151557.8,384440513.2,547241038.5,335704316.9,503854949.7,320078424.5,201868833.4,232989584,319925106.4,644976315.4,329239156,288411822.1,811799803.3,800613004.9,2125809789,3634972186,1563872924,362148485,441497926.9,627203433.8,286249504,581124805.2,773081625.2,720220843.6,742357077.2,680683887.5,389747696.8,452231000.7,579482332.1,604536039.9,393125849.4,296790218.2,459340385,468907383.4,812631173.7,1552717498,807065781.7,52341805186,45482859649,81736101435,40351907993,90809385887,1.0759E+11,1.18462E+11,1.28252E+11,99010714839,52371920430,61266146928,69307396365,62763694323,42862609695,30489843045,65475086267,58926506996,1.13354E+11,1.95485E+11,1.10184E+11
Piezo_partial_cavitation_motor100_base,partial_cavitation,motor_100,327171387.1,236824774.5,457516323.2,270524692.7,293295629.1,644141431.8,582419597.9,356810685.5,304824473.5,197165418.1,206810049.4,323477347,726224381.5,278453448,331837865.1,425137201,676668830.3,1579933351,4490097957,1421531628,406770106.1,304168577.8,624726606.3,403334009.7,610953271.7,1183524589,1009847594,556300589.7,518246947.3,404625399.9,460328393,427873713.1,860511510.2,328977721.6,258408835.2,295670783.6,466635286.4,650427433.3,1976336228,853997645.8,50992036191,46349764103,87723005863,47781685534,71049099230,1.58428E+11,1.25126E+11,79682142673,87889624661,52856749232,58304431244,66927403135,76783011740,47655594741,32123355531,36877854915,52957506124,96997209825,2.59452E+11,1.13059E+11
Piezo_partial_cavitation_motor100_base,partial_cavitation,motor_100,407124249.7,419162993.4,435562406.2,254585916.1,347742510.9,367554343.5,515104754,320112699.5,331475333.7,298038637.7,193568042,321501252.4,564313539.5,278993324.5,359592515,487890299.2,1032530362,2305151173,3381621583,1219341156,603591575.7,523293113.7,625271071.2,380632166.3,458083955.2,477356509.4,799516087.6,485520830.2,594744647.4,588135003.3,330422102.9,385988378.3,539542383.5,245273378.2,262367397.6,386278964.3,574665441.5,1035035100,1376215096,625359573.6,72194578179,59985693863,87513855070,42472831698,87404474024,71597493223,1.34357E+11,83277391024,1.01782E+11,85708661496,49418422422,60716845113,40007969101,30989477430,34842264336,42673958639,78304707062,1.46082E+11,1.86115E+11,80497661029
Piezo_partial_cavitation_motor100_base,partial_cavitation,motor_100,371122496.8,220880109.4,254627296.6,323096311.6,293399987,400872034.9,680132604.9,487842239.6,147501179.2,177997847.5,183613423.8,169200069.4,308971271.4,198545254.6,251990324.6,374600896.4,305713977.7,1645590139,3581538017,785630750.7,370681723.9,256328601.4,352037931.3,355517412.9,404350054.6,669038264,1131041815,678804317.4,214786882.4,267263266.9,290851248.6,310575348.4,352345550.9,267908594.5,212441277.5,286387170.2,219101831.1,715812453.5,1274270178,477721001.6,60814736796,40943411460,53379605398,62363821640,65002350102,99308185047,1.96408E+11,1.37756E+11,28331975219,34701229779,42882923731,38240137484,33918769061,35070732328,30014582351,34183901809,30469167583,93280049237,1.81308E+11,52940548654
Piezo_partial_cavitation_motor100_base,partial_cavitation,motor_100,196056731.6,258392906,185595208.3,333867134.2,263284040.6,448929769.8,571461532.1,396751572.8,255231744.5,223116862.2,204198351.7,175277434,258808462.6,523469219.3,343301116.3,204739309.6,496764954.5,654800452.2,3936954556,1812690122,351098311.8,294607243.8,350787443,712216670,329186402.4,578465550.6,1012923821,588461754.6,383563631.5,371224487.7,201604647.3,282951077.2,289740180.1,253974916.4,250140215.4,196380298.9,305415143.2,350103274.2,1490456767,640510105,35501752272,40281103668,57899490831,1.03308E+11,47288860291,67023150748,1.67405E+11,1.04308E+11,55664213843,68526467971,39389332240,44172663342,24384685379,38995280794,32452344904,29843329263,37912237251,51901505241,1.89386E+11,99000268650
Piezo_partial_cavitation_motor100_base,partial_cavitation,motor_100,282200651.1,313229431.4,546929930.2,226651253.4,261358820.7,539420976.3,516177381,359749951.2,232090185.1,250177145.3,150562178,318694126.4,740992548.4,271594896,470481552.8,442068082.4,603856604.5,1808990444,4028842496,1326926639,356914539.5,426245116.2,761926600.4,244922262.6,357799742.7,812538630.4,841244494.5,424708226.9,487555310.5,443009576.1,324574765.4,463280189.7,720237987.5,246720347.3,350767769.9,308102144.9,400366294.1,691078534.5,1531990924,538287824.8,55466782869,59392125914,1.09889E+11,36822719019,59093038448,1.30381E+11,1.32024E+11,59098964151,84244686192,70774794683,42005869567,61670477962,70001117155,39373442056,45935086378,39614345729,68025947588,98272238134,2.13275E+11,81817078131